Actual_Sales,Predicted_Sales
4.8,-0.33589499861656913
10.4,10.559643806995965
